[
	{
		"cat" : "lny",
		"icons" : [
			["%23%3A)%23lny","assets/faces_png/lny/smile.png"],
			["%23%3A)2%23lny","assets/faces_png/lny/smile2.png"],
			["%23%3A)3%23lny","assets/faces_png/lny/smile3.png"],
			["%23O%3A-)%23lny","assets/faces_png/lny/angel.png"],
			["%23xx(%23lny","assets/faces_png/lny/dead.png"],
			["%23%3Ao)%23lny","assets/faces_png/lny/clown.png"],
			["%23(o%3A%23lny","assets/faces_png/lny/clown2.png"],
			["%23%3Ao)2%23lny","assets/faces_png/lny/clown3.png"],
			["%23(o%3A2%23lny","assets/faces_png/lny/clown4.png"],
			["%23%3A-(%23lny","assets/faces_png/lny/frown.png"],
			["%23%3B-)%23lny","assets/faces_png/lny/wink.png"],
			["%23%3A-%5B%23lny","assets/faces_png/lny/angry.png"],
			["%23%3A-%5D%23lny","assets/faces_png/lny/devil.png"],
			["%23%3AO%23lny","assets/faces_png/lny/oh.png"],
			["%23%5E3%5E%23lny","assets/faces_png/lny/kiss.png"],
			["%23%24_%24%23lny","assets/faces_png/lny/wonder.png"],
			["%23%5Bslick1%5D%23lny","assets/faces_png/lny/agree.png"],
			["%23%5Bslick2%5D%23lny","assets/faces_png/lny/agree2.png"],
			["%23ng%23lny","assets/faces_png/lny/donno.png"],
			["%23hehe%23lny","assets/faces_png/lny/hehe.png"],
			["%23%3A~(%23lny","assets/faces_png/lny/cry.png"],
			["%23%3AD%23lny","assets/faces_png/lny/biggrin.png"],
			["%23%3AP%23lny","assets/faces_png/lny/tongue.png"],
			["%23%3AP2%23lny","assets/faces_png/lny/tongue2.png"],
			["%23love%23lny","assets/faces_png/lny/love.png"],
			["%23oh%23lny","assets/faces_png/lny/surprise.png"],
			["%23cn1%23lny","assets/faces_png/lny/chicken1.png"],
			["%23cn2%23lny","assets/faces_png/lny/chicken2.png"],
			["%23cn3%23lny","assets/faces_png/lny/chicken3.png"],
			["%23ass%23lny","assets/faces_png/lny/ass.png"],
			["%23%5Bsosad%5D%23lny","assets/faces_png/lny/sosad.png"],
			["%23good%23lny","assets/faces_png/lny/good.png"],
			["%23hoho%23lny","assets/faces_png/lny/hoho.png"],
			["%23kill%23lny","assets/faces_png/lny/kill.png"],
			["%23bye%23lny","assets/faces_png/lny/bye.png"],
			["%23Z_Z%23lny","assets/faces_png/lny/z.png"],
			["%23%40_%40%23lny","assets/faces_png/lny/@.png"],
			["%23adore%23lny","assets/faces_png/lny/adore.png"],
			["%23%24%24%24%23lny","assets/faces_png/lny/wonder2.png"],
			["%23%5Bbanghead%5D%23lny","assets/faces_png/lny/banghead.png"],
			["%23%5Bbouncer%5D%23lny","assets/faces_png/lny/bouncer.png"],
			["%23%5Bbouncy%5D%23lny","assets/faces_png/lny/bouncy.png"],
			["%23%5Bofftopic%5D%23lny","assets/faces_png/lny/offtopic.png"],
			["%23%5Bcensored%5D%23lny","assets/faces_png/lny/censored.png"],
			["%23%5Bflowerface%5D%23lny","assets/faces_png/lny/flowerface.png"],
			["%23%5Bshocking%5D%23lny","assets/faces_png/lny/shocking.png"],
			["%23%5Bphoto%5D%23lny","assets/faces_png/lny/photo.png"],
			["%23fire%23lny","assets/faces_png/lny/fire.png"],
			["%23%5Byipes10%5D%23lny","assets/faces_png/lny/yipes10.png"],
			["%23%5Byipes20%5D%23lny","assets/faces_png/lny/yipes20.png"],
			["%23%5Byipes50%5D%23lny","assets/faces_png/lny/yipes50.png"],
			["%23%5Byipes100%5D%23lny","assets/faces_png/lny/yipes100.png"],
			["%23%5Byipes500%5D%23lny","assets/faces_png/lny/yipes500.png"],
			["%23%5Byipes1000%5D%23lny","assets/faces_png/lny/yipes1000.png"],
			["%23%5B369%5D%23lny","assets/faces_png/lny/369.png"],
			["%23%5Bbomb%5D%23lny","assets/faces_png/lny/bomb.png"],
			["%23%5Bslick%5D%23lny","assets/faces_png/lny/slick.png"],
			["%23fuck%23lny","assets/faces_png/lny/fuck.png"],
			["%23no%23lny","assets/faces_png/lny/no.png"],
			["%23kill2%23lny","assets/faces_png/lny/kill2.png"],
			["%23pig1%23lny","assets/faces_png/lny/pig1.png"],
			["%23pig2%23lny","assets/faces_png/lny/pig2.png"]
		],
		"show_on" : {
			"start_time" : 1549080000,
			"end_time" : 1550591940
		},
		"sort" : 204
	},
	{
		"cat" : "xm",
		"icons" : [
			["%23%3A)%23xm","assets/faces_png/xm/smile.png"],
			["%23O%3A-)%23xm","assets/faces_png/xm/angel.png"],
			["%23xx(%23xm","assets/faces_png/xm/dead.png"],
			["%23%3Ao)%23xm","assets/faces_png/xm/clown.png"],
			["%23%3Ao)_2%23xm","assets/faces_png/xm/clown2.png"],
			["%23%3A-(%23xm","assets/faces_png/xm/frown.png"],
			["%23%3A~(%23xm","assets/faces_png/xm/cry.png"],
			["%23%3B-)%23xm","assets/faces_png/xm/wink.png"],
			["%23%3A-%5B%23xm","assets/faces_png/xm/angry.png"],
			["%23%3A-%5D%23xm","assets/faces_png/xm/devil.png"],
			["%23%3AD%23xm","assets/faces_png/xm/biggrin.png"],
			["%23%3AO%23xm","assets/faces_png/xm/oh.png"],
			["%23%3AP%23xm","assets/faces_png/xm/tongue.png"],
			["%23%5E3%5E%23xm","assets/faces_png/xm/kiss.png"],
			["%23%3F_%3F%23xm","assets/faces_png/xm/wonder.png"],
			["%23yup%23xm","assets/faces_png/xm/agree.png"],
			["%23ng%23xm","assets/faces_png/xm/donno.png"],
			["%23hehe%23xm","assets/faces_png/xm/hehe.png"],
			["%23love%23xm","assets/faces_png/xm/love.png"],
			["%23cn%23xm","assets/faces_png/xm/chicken.png"],
			["%23ass%23xm","assets/faces_png/xm/ass.png"],
			["%23%5Bsosad%5D%23xm","assets/faces_png/xm/sosad.png"],
			["%23good%23xm","assets/faces_png/xm/good.png"],
			["%23hoho%23xm","assets/faces_png/xm/hoho.png"],
			["%23kill%23xm","assets/faces_png/xm/kill.png"],
			["%23kill%23_2%23xm","assets/faces_png/xm/kill2.png"],
			["%23bye%23xm","assets/faces_png/xm/bye.png"],
			["%23Z_Z%23xm","assets/faces_png/xm/z.png"],
			["%23%40_%40%23xm","assets/faces_png/xm/@.png"],
			["%23adore%23xm","assets/faces_png/xm/adore.png"],
			["%23%3F%3F%3F%23xm","assets/faces_png/xm/wonder2.png"],
			["%23%5Bbanghead%5D%23xm","assets/faces_png/xm/banghead.png"],
			["%23%5Bbouncer%5D%23xm","assets/faces_png/xm/bouncer.png"],
			["%23%5Bbouncy%5D%23xm","assets/faces_png/xm/bouncy.png"],
			["%23%5Bofftopic%5D%23xm","assets/faces_png/xm/offtopic.png"],
			["%23%5Bcensored%5D%23xm","assets/faces_png/xm/censored.png"],
			["%23%5Bflowerface%5D%23xm","assets/faces_png/xm/flowerface.png"],
			["%23%5Bphoto%5D%23xm","assets/faces_png/xm/photo.png"],
			["%23fire%23xm","assets/faces_png/xm/fire.png"],
			["%23%5Byipes%5D%23xm","assets/faces_png/xm/yipes.png"],
			["%23%5B369%5D%23xm","assets/faces_png/xm/369.png"],
			["%23%5B369_2%5D%23xm","assets/faces_png/xm/369_2.png"],
			["%23%5Bbomb%5D%23xm","assets/faces_png/xm/bomb.png"],
			["%23%5Bslick%5D%23xm","assets/faces_png/xm/slick.png"],
			["%23fuck%23xm","assets/faces_png/xm/fuck.png"],
			["%23no%23xm","assets/faces_png/xm/no.png"],
			["%23oh_b%23xm","assets/faces_png/xm/surprise_b.png"],
			["%23oh_g%23xm","assets/faces_png/xm/surprise_g.png"],
			["%23oh_p%23xm","assets/faces_png/xm/surprise_p.png"],
			["%23oh_r%23xm","assets/faces_png/xm/surprise_r.png"],
			["%23oh_y%23xm","assets/faces_png/xm/surprise_y.png"],
			["%23%5Bshocking_b%5D%23xm","assets/faces_png/xm/shocking_b.png"],
			["%23%5Bshocking_g%5D%23xm","assets/faces_png/xm/shocking_g.png"],
			["%23%5Bshocking_p%5D%23xm","assets/faces_png/xm/shocking_p.png"],
			["%23%5Bshocking_r%5D%23xm","assets/faces_png/xm/shocking_r.png"],
			["%23%5Bshocking_y%5D%23xm","assets/faces_png/xm/shocking_y.png"]
		],
		"show_on" : {
			"start_time" : 1545116400,
			"end_time" : 1546790399
		},
		"sort" : 200
	},
	{
		"cat" : "mf",
		"icons" : [
			["%23%3A)%23mf","assets/faces/mf/smile.png"],
			["%23O%3A-)%23mf","assets/faces/mf/angel.png"],
			["%23xx(%23mf","assets/faces/mf/dead.png"],
			["%23%3Ao)%23mf","assets/faces/mf/clown.gif"],
			["%23%3A-(%23mf","assets/faces/mf/frown.gif"],
			["%23%3A~(%23mf","assets/faces/mf/cry.gif"],
			["%23%3B-)%23mf","assets/faces/mf/wink.png"],
			["%23%3A-%5B%23mf","assets/faces/mf/angry.gif"],
			["%23%3A-%5D%23mf","assets/faces/mf/devil.png"],
			["%23%3AD%23mf","assets/faces/mf/biggrin.png"],
			["%23%3AO%23mf","assets/faces/mf/oh.png"],
			["%23%3AP%23mf","assets/faces/mf/tongue.png"],
			["%23%5E3%5E%23mf","assets/faces/mf/kiss.png"],
			["%23%3F_%3F%23mf","assets/faces/mf/wonder.gif"],
			["%23yup%23mf","assets/faces/mf/agree.gif"],
			["%23ng%23mf","assets/faces/mf/donno.gif"],
			["%23hehe%23mf","assets/faces/mf/hehe.gif"],
			["%23love%23mf","assets/faces/mf/love.gif"],
			["%23oh%23mf","assets/faces/mf/surprise.gif"],
			["%23cn%23mf","assets/faces/mf/chicken.gif"],
			["%23ass%23mf","assets/faces/mf/ass.gif"],
			["%23%5Bsosad%5D%23mf","assets/faces/mf/sosad.gif"],
			["%23good%23mf","assets/faces/mf/good.png"],
			["%23hoho%23mf","assets/faces/mf/hoho.gif"],
			["%23kill%23mf","assets/faces/mf/kill.gif"],
			["%23bye%23mf","assets/faces/mf/bye.gif"],
			["%23Z_Z%23mf","assets/faces/mf/z.gif"],
			["%23%40_%40%23mf","assets/faces/mf/@.gif"],
			["%23adore%23mf","assets/faces/mf/adore.gif"],
			["%23%3F%3F%3F%23mf","assets/faces/mf/wonder2.gif"],
			["%23%5Bbanghead%5D%23mf","assets/faces/mf/banghead.gif"],
			["%23%5Bbouncer%5D%23mf","assets/faces/mf/bouncer.gif"],
			["%23%5Bbouncy%5D%23mf","assets/faces/mf/bouncy.gif"],
			["%23%5Bofftopic%5D%23mf","assets/faces/mf/offtopic.png"],
			["%23%5Bcensored%5D%23mf","assets/faces/mf/censored.gif"],
			["%23%5Bflowerface%5D%23mf","assets/faces/mf/flowerface.gif"],
			["%23%5Bshocking%5D%23mf","assets/faces/mf/shocking.gif"],
			["%23%5Bphoto%5D%23mf","assets/faces/mf/photo.gif"],
			["%23fire%23mf","assets/faces/mf/fire.gif"],
			["%23%5Byipes%5D%23mf","assets/faces/mf/yipes.gif"],
			["%23%5B369%5D%23mf","assets/faces/mf/369.gif"],
			["%23%5Bbomb%5D%23mf","assets/faces/mf/bomb.gif"],
			["%23%5Bslick%5D%23mf","assets/faces/mf/slick.gif"],
			["%23fuck%23mf","assets/faces/mf/fuck.gif"],
			["%23no%23mf","assets/faces/mf/no.gif"],
			["%23kill2%23mf","assets/faces/mf/kill2.gif"]
		],
		"show_on" : {
			"start_time" : 1537632000,
			"end_time" : 1538323200
		},
		"sort" : 201
	},
	{
		"cat" : "normal",
		"icons" : [
			["%3A)","assets/faces_png/normal/smile.png"],
			["O%3A-)","assets/faces_png/normal/angel.png"],
			["xx(","assets/faces_png/normal/dead.png"],
			["%3Ao)","assets/faces_png/normal/clown.png"],
			["%3A-(","assets/faces_png/normal/frown.png"],
			["%3A~(","assets/faces_png/normal/cry.png"],
			["%3B-)","assets/faces_png/normal/wink.png"],
			["%3A-%5B","assets/faces_png/normal/angry.png"],
			["%3A-%5D","assets/faces_png/normal/devil.png"],
			["%3AD","assets/faces_png/normal/biggrin.png"],
			["%3AO","assets/faces_png/normal/oh.png"],
			["%3AP","assets/faces_png/normal/tongue.png"],
			["%5E3%5E","assets/faces_png/normal/kiss.png"],
			["%3F_%3F","assets/faces_png/normal/wonder.png"],
			["%23yup%23","assets/faces_png/normal/agree.png"],
			["%23ng%23","assets/faces_png/normal/donno.png"],
			["%23hehe%23","assets/faces_png/normal/hehe.png"],
			["%23love%23","assets/faces_png/normal/love.png"],
			["%23oh%23","assets/faces_png/normal/surprise.png"],
			["%23cn%23","assets/faces_png/normal/chicken.png"],
			["%23ass%23","assets/faces_png/normal/ass.png"],
			["%5Bsosad%5D","assets/faces_png/normal/sosad.png"],
			["%23good%23","assets/faces_png/normal/good.png"],
			["%23hoho%23","assets/faces_png/normal/hoho.png"],
			["%23kill%23","assets/faces_png/normal/kill.png"],
			["%23bye%23","assets/faces_png/normal/bye.png"],
			["Z_Z","assets/faces_png/normal/z.png"],
			["%40_%40","assets/faces_png/normal/@.png"],
			["%23adore%23","assets/faces_png/normal/adore.png"],
			["%23%3F%3F%3F%23","assets/faces_png/normal/wonder2.png"],
			["%5Bbanghead%5D","assets/faces_png/normal/banghead.png"],
			["%5Bbouncer%5D","assets/faces_png/normal/bouncer.png"],
			["%5Bbouncy%5D","assets/faces_png/normal/bouncy.png"],
			["%5Bofftopic%5D","assets/faces_png/normal/offtopic.png"],
			["%5Bcensored%5D","assets/faces_png/normal/censored.png"],
			["%5Bflowerface%5D","assets/faces_png/normal/flowerface.png"],
			["%5Bshocking%5D","assets/faces_png/normal/shocking.png"],
			["%5Bphoto%5D","assets/faces_png/normal/photo.png"],
			["%23fire%23","assets/faces_png/normal/fire.png"],
			["%5Byipes%5D","assets/faces_png/normal/yipes.png"],
			["%5B369%5D","assets/faces_png/normal/369.png"],
			["%5Bbomb%5D","assets/faces_png/normal/bomb.png"],
			["%5Bslick%5D","assets/faces_png/normal/slick.png"],
			["%23fuck%23","assets/faces_png/normal/fuck.png"],
			["%23no%23","assets/faces_png/normal/no.png"],
			["%23kill2%23","assets/faces_png/normal/kill2.png"],
			["%23dislike%23","assets/faces_png/normal/dislike.png"],
			["%23like%23","assets/faces_png/normal/like.png"]
		],
		"sort" : 1
	},
	{
		"cat" : "hb",
		"icons" : [
			["%23%3A)%23hb","assets/faces_png/lihkg/smile_hb.png"],
			["%23hb2me%23hb","assets/faces_png/lihkg/hb.png"],
			["%23%3A-%5B%23hb","assets/faces_png/lihkg/angry_hb.png"],
			["%23dog%23hb","assets/faces_png/lihkg/dog_hb.png"]
		],
		"show_on" : {
			"start_time" : 1543075200,
			"end_time" : 1543161599,
			"keywords" : ["生日快樂", "Happy Birthday", "🎂"]
		},
		"sort" : 100
	},
	{
		"cat" : "dog",
		"icons" : [
			["%23%3A)%23dog","assets/faces_png/dog/smile.png"],
			["%23hehe%23dog","assets/faces_png/dog/hehe.png"],
			["%23haha%23dog","assets/faces_png/dog/haha.png"],
			["%23bye%23dog","assets/faces_png/dog/bye.png"],
			["%23999%23dog","assets/faces_png/dog/999.png"],
			["%23fbi%23dog","assets/faces_png/dog/FBI.png"],
			["%23%3AP%23dog","assets/faces_png/dog/lick.png"],
			["%23wet%23dog","assets/faces_png/dog/wet.png"],
			["%23touch%23dog","assets/faces_png/dog/touch.png"],
			["%23no%23dog","assets/faces_png/dog/no.png"],
			["%23%40_%40%23dog","assets/faces_png/dog/scare.png"],
			["%23%3A-%5B%23dog","assets/faces_png/dog/angry.png"],
			["%23zzz%23dog","assets/faces_png/dog/zzz.png"],
			["%23cry%23dog","assets/faces_png/dog/cry.png"],
			["%23give%23dog","assets/faces_png/dog/give.png"],
			["%23beg%23dog","assets/faces_png/dog/beg.png"],
			["%23it1%23dog","assets/faces_png/dog/itdog1.png"],
			["%23it2%23dog","assets/faces_png/dog/itdog2.png"],
			["%23run%23dog","assets/faces_png/dog/run.png"],
			["%23beat%23dog","assets/faces_png/dog/beat.png"],
			["%23fight1%23dog","assets/faces_png/dog/fight1.png"],
			["%23fight2%23dog","assets/faces_png/dog/fight2.png"],
			["%23lihkg%23dog","assets/faces_png/dog/lihkg.png"]
		],
		"sort" : 2
	},
	{
		"cat" : "dogxm",
		"icons" : [
			["%23%3A)%23dogxm","assets/faces_png/dogxm/smile.png"],
			["%23hehe%23dogxm","assets/faces_png/dogxm/hehe.png"],
			["%23haha%23dogxm","assets/faces_png/dogxm/haha.png"],
			["%23bye%23dogxm","assets/faces_png/dogxm/bye.png"],
			["%23999%23dogxm","assets/faces_png/dogxm/999.png"],
			["%23fbi%23dogxm","assets/faces_png/dogxm/FBI.png"],
			["%23%3AP%23dogxm","assets/faces_png/dogxm/lick.png"],
			["%23wet%23dogxm","assets/faces_png/dogxm/wet.png"],
			["%23touch%23dogxm","assets/faces_png/dogxm/touch.png"],
			["%23no%23dogxm","assets/faces_png/dogxm/no.png"],
			["%23%40_%40%23dogxm","assets/faces_png/dogxm/scare.png"],
			["%23%3A-%5B%23dogxm","assets/faces_png/dogxm/angry.png"],
			["%23zzz%23dogxm","assets/faces_png/dogxm/zzz.png"],
			["%23cry%23dogxm","assets/faces_png/dogxm/cry.png"],
			["%23give%23dogxm","assets/faces_png/dogxm/give.png"],
			["%23it2%23dogxm","assets/faces_png/dogxm/itdog2.png"],
			["%23run%23dogxm","assets/faces_png/dogxm/run.png"],
			["%23lihkg%23dogxm","assets/faces_png/dogxm/lihkg.png"]
		],
		"show_on" : {
			"start_time" : 1545116400,
			"end_time" : 1546790399
		},
		"sort" : 202
	},
	{
		"cat" : "pig",
		"icons" : [
			["%23%3A)%23pig","assets/faces_png/pig/smile.png"],
			["%23hehe%23pig","assets/faces_png/pig/hehe.png"]
		],
		"sort" : 7
	},
	{
		"cat" : "lm2",
		"icons" : [
			["%23%3A)%23lm2","assets/faces_png/lm2/smile.png"],
			["%23%3Ao)%23lm2","assets/faces_png/lm2/clown.png"],
			["%23kill%23lm2","assets/faces_png/lm2/kill.png"],
			["%23bye%23lm2","assets/faces_png/lm2/bye.png"],
			["%23eating%23lm2","assets/faces_png/lm2/eating.png"],
			["%23yo%23lm2","assets/faces_png/lm2/yo.png"],
			["%23diu%23lm2","assets/faces_png/lm2/diu.png"],
			["%23touch%23lm2","assets/faces_png/lm2/touch.png"],
			["%23wet%23lm2","assets/faces_png/lm2/wet.png"],
			["%23jable%23lm2","assets/faces_png/lm2/jable.png"],
			["%23%3AP%23lm2","assets/faces_png/lm2/tongue.png"],
			["%23lick%23lm2","assets/faces_png/lm2/lick.png"],
			["%23xx(%23lm2","assets/faces_png/lm2/dead.png"],
			["%23%3F%3F%3F%23lm2","assets/faces_png/lm2/wonder2.png"],
			["%23wfc2%23lm2","assets/faces_png/lm2/wfc2.png"],
			["%23support%23lm2","assets/faces_png/lm2/support.png"],
			["%23%5Bsosad%5D%23lm2","assets/faces_png/lm2/sosad.png"],
			["%23haha%23lm2","assets/faces_png/lm2/haha.png"],
			["%23nosee%23lm2","assets/faces_png/lm2/nosee.png"],
			["%23hoho%23lm2","assets/faces_png/lm2/hoho.png"],
			["%23love%23lm2","assets/faces_png/lm2/love.png"],
			["%23%5Bphoto%5D%23lm2","assets/faces_png/lm2/photo.png"],
			["%23point1%23lm2","assets/faces_png/lm2/point1.png"],
			["%23point2%23lm2","assets/faces_png/lm2/point2.png"],
			["%23yup%23lm2","assets/faces_png/lm2/agree.png"],
			["%23yeah%23lm2","assets/faces_png/lm2/yeah.png"],
			["%23ng%23lm2","assets/faces_png/lm2/donno.png"],
			["%23brain%23lm2","assets/faces_png/lm2/brain.png"],
			["%23%3AO%23lm2","assets/faces_png/lm2/oh.png"],
			["%23bang%23lm2","assets/faces_png/lm2/bang.png"],
			["%23silly%23lm2","assets/faces_png/lm2/silly.png"],
			["%23%5B369%5D%23lm2","assets/faces_png/lm2/369.png"],
			["%23dllm%23lm2","assets/faces_png/lm2/dllm.png"],
			["%23fuck%23lm2","assets/faces_png/lm2/fuck.png"],
			["%23%5Bbomb%5D%23lm2","assets/faces_png/lm2/bomb.png"],
			["%23hate%23lm2","assets/faces_png/lm2/hate.png"],
			["%23%3A-%5B%23lm2","assets/faces_png/lm2/angry.png"],
			["%23aura%23lm2","assets/faces_png/lm2/aura.png"],
			["%23dislike%23lm2","assets/faces_png/lm2/dislike.png"],
			["%23good%23lm2","assets/faces_png/lm2/good.png"],
			["%23ok%23lm2","assets/faces_png/lm2/ok.png"],
			["%23wfc%23lm2","assets/faces_png/lm2/wfc.png"],
			["%23think%23lm2","assets/faces_png/lm2/think.png"],
			["%23adore%23lm2","assets/faces_png/lm2/adore.png"],
			["%23%3A-(%23lm2","assets/faces_png/lm2/frown.png"],
			["%23frownsmile%23lm2","assets/faces_png/lm2/frownsmile.png"],
			["%23%40_%40%23lm2","assets/faces_png/lm2/@.png"],
			["%23%5Byipes%5D%23lm2","assets/faces_png/lm2/yipes.png"],
			["%23%3A~(%23lm2","assets/faces_png/lm2/cry.png"],
			["%23dust%23lm2","assets/faces_png/lm2/dust.png"]
		],
		"sort" : 3
	},
	{
		"cat" : "lm2lny",
		"icons" : [
			["%23%3A)%23lm2lny","assets/faces_png/lm2lny/smile.png"],
			["%23%3Ao)%23lm2lny","assets/faces_png/lm2lny/clown.png"],
			["%23kill%23lm2lny","assets/faces_png/lm2lny/kill.png"],
			["%23bye%23lm2lny","assets/faces_png/lm2lny/bye.png"],
			["%23eating%23lm2lny","assets/faces_png/lm2lny/eating.png"],
			["%23yo%23lm2lny","assets/faces_png/lm2lny/yo.png"],
			["%23diu%23lm2lny","assets/faces_png/lm2lny/diu.png"],
			["%23touch%23lm2lny","assets/faces_png/lm2lny/touch.png"],
			["%23wet%23lm2lny","assets/faces_png/lm2lny/wet.png"],
			["%23jable%23lm2lny","assets/faces_png/lm2lny/jable.png"],
			["%23%3AP%23lm2lny","assets/faces_png/lm2lny/tongue.png"],
			["%23lick%23lm2lny","assets/faces_png/lm2lny/lick.png"],
			["%23xx(%23lm2lny","assets/faces_png/lm2lny/dead.png"],
			["%23%3F%3F%3F%23lm2lny","assets/faces_png/lm2lny/wonder2.png"],
			["%23wfc2%23lm2lny","assets/faces_png/lm2lny/wfc2.png"],
			["%23support%23lm2lny","assets/faces_png/lm2lny/support.png"],
			["%23%5Bsosad%5D%23lm2lny","assets/faces_png/lm2lny/sosad.png"],
			["%23haha%23lm2lny","assets/faces_png/lm2lny/haha.png"],
			["%23nosee%23lm2lny","assets/faces_png/lm2lny/nosee.png"],
			["%23hoho%23lm2lny","assets/faces_png/lm2lny/hoho.png"],
			["%23love%23lm2lny","assets/faces_png/lm2lny/love.png"],
			["%23%5Bphoto%5D%23lm2lny","assets/faces_png/lm2lny/photo.png"],
			["%23point1%23lm2lny","assets/faces_png/lm2lny/point1.png"],
			["%23point2%23lm2lny","assets/faces_png/lm2lny/point2.png"],
			["%23yup%23lm2lny","assets/faces_png/lm2lny/agree.png"],
			["%23yeah%23lm2lny","assets/faces_png/lm2lny/yeah.png"],
			["%23ng%23lm2lny","assets/faces_png/lm2lny/donno.png"],
			["%23brain%23lm2lny","assets/faces_png/lm2lny/brain.png"],
			["%23%3AO%23lm2lny","assets/faces_png/lm2lny/oh.png"],
			["%23bang%23lm2lny","assets/faces_png/lm2lny/bang.png"],
			["%23silly%23lm2lny","assets/faces_png/lm2lny/silly.png"],
			["%23%5B369%5D%23lm2lny","assets/faces_png/lm2lny/369.png"],
			["%23dllm%23lm2lny","assets/faces_png/lm2lny/dllm.png"],
			["%23fuck%23lm2lny","assets/faces_png/lm2lny/fuck.png"],
			["%23%5Bbomb%5D%23lm2lny","assets/faces_png/lm2lny/bomb.png"],
			["%23hate%23lm2lny","assets/faces_png/lm2lny/hate.png"],
			["%23%3A-%5B%23lm2lny","assets/faces_png/lm2lny/angry.png"],
			["%23aura%23lm2lny","assets/faces_png/lm2lny/aura.png"],
			["%23dislike%23lm2lny","assets/faces_png/lm2lny/dislike.png"],
			["%23good%23lm2lny","assets/faces_png/lm2lny/good.png"],
			["%23ok%23lm2lny","assets/faces_png/lm2lny/ok.png"],
			["%23wfc%23lm2lny","assets/faces_png/lm2lny/wfc.png"],
			["%23think%23lm2lny","assets/faces_png/lm2lny/think.png"],
			["%23adore%23lm2lny","assets/faces_png/lm2lny/adore.png"],
			["%23%3A-(%23lm2lny","assets/faces_png/lm2lny/frown.png"],
			["%23frownsmile%23lm2lny","assets/faces_png/lm2lny/frownsmile.png"],
			["%23%40_%40%23lm2lny","assets/faces_png/lm2lny/@.png"],
			["%23%5Byipes%5D%23lm2lny","assets/faces_png/lm2lny/yipes.png"],
			["%23%3A~(%23lm2lny","assets/faces_png/lm2lny/cry.png"],
			["%23dust%23lm2lny","assets/faces_png/lm2lny/dust.png"]
		],
		"show_on" : {
			"start_time" : 1549080000,
			"end_time" : 1550591940
		},
		"sort" : 205
	},
	{
		"cat" : "lm2xm",
		"icons" : [
			["%23%3A)%23lm2xm","assets/faces_png/lm2xm/smile.png"],
			["%23%3Ao)%23lm2xm","assets/faces_png/lm2xm/clown.png"],
			["%23kill%23lm2xm","assets/faces_png/lm2xm/kill.png"],
			["%23bye%23lm2xm","assets/faces_png/lm2xm/bye.png"],
			["%23eating%23lm2xm","assets/faces_png/lm2xm/eating.png"],
			["%23yo%23lm2xm","assets/faces_png/lm2xm/yo.png"],
			["%23diu%23lm2xm","assets/faces_png/lm2xm/diu.png"],
			["%23touch%23lm2xm","assets/faces_png/lm2xm/touch.png"],
			["%23wet%23lm2xm","assets/faces_png/lm2xm/wet.png"],
			["%23jable%23lm2xm","assets/faces_png/lm2xm/jable.png"],
			["%23%3AP%23lm2xm","assets/faces_png/lm2xm/tongue.png"],
			["%23lick%23lm2xm","assets/faces_png/lm2xm/lick.png"],
			["%23xx(%23lm2xm","assets/faces_png/lm2xm/dead.png"],
			["%23%3F%3F%3F%23lm2xm","assets/faces_png/lm2xm/wonder2.png"],
			["%23wfc2%23lm2xm","assets/faces_png/lm2xm/wfc2.png"],
			["%23support%23lm2xm","assets/faces_png/lm2xm/support.png"],
			["%23%5Bsosad%5D%23lm2xm","assets/faces_png/lm2xm/sosad.png"],
			["%23haha%23lm2xm","assets/faces_png/lm2xm/haha.png"],
			["%23nosee%23lm2xm","assets/faces_png/lm2xm/nosee.png"],
			["%23hoho%23lm2xm","assets/faces_png/lm2xm/hoho.png"],
			["%23love%23lm2xm","assets/faces_png/lm2xm/love.png"],
			["%23%5Bphoto%5D%23lm2xm","assets/faces_png/lm2xm/photo.png"],
			["%23point1%23lm2xm","assets/faces_png/lm2xm/point1.png"],
			["%23point2%23lm2xm","assets/faces_png/lm2xm/point2.png"],
			["%23yup%23lm2xm","assets/faces_png/lm2xm/agree.png"],
			["%23yeah%23lm2xm","assets/faces_png/lm2xm/yeah.png"],
			["%23ng%23lm2xm","assets/faces_png/lm2xm/donno.png"],
			["%23brain%23lm2xm","assets/faces_png/lm2xm/brain.png"],
			["%23%3AO%23lm2xm","assets/faces_png/lm2xm/oh.png"],
			["%23bang%23lm2xm","assets/faces_png/lm2xm/bang.png"],
			["%23silly%23lm2xm","assets/faces_png/lm2xm/silly.png"],
			["%23%5B369%5D%23lm2xm","assets/faces_png/lm2xm/369.png"],
			["%23dllm%23lm2xm","assets/faces_png/lm2xm/dllm.png"],
			["%23fuck%23lm2xm","assets/faces_png/lm2xm/fuck.png"],
			["%23%5Bbomb%5D%23lm2xm","assets/faces_png/lm2xm/bomb.png"],
			["%23hate%23lm2xm","assets/faces_png/lm2xm/hate.png"],
			["%23%3A-%5B%23lm2xm","assets/faces_png/lm2xm/angry.png"],
			["%23aura%23lm2xm","assets/faces_png/lm2xm/aura.png"],
			["%23dislike%23lm2xm","assets/faces_png/lm2xm/dislike.png"],
			["%23good%23lm2xm","assets/faces_png/lm2xm/good.png"],
			["%23ok%23lm2xm","assets/faces_png/lm2xm/ok.png"],
			["%23wfc%23lm2xm","assets/faces_png/lm2xm/wfc.png"],
			["%23think%23lm2xm","assets/faces_png/lm2xm/think.png"],
			["%23adore%23lm2xm","assets/faces_png/lm2xm/adore.png"],
			["%23%3A-(%23lm2xm","assets/faces_png/lm2xm/frown.png"],
			["%23frownsmile%23lm2xm","assets/faces_png/lm2xm/frownsmile.png"],
			["%23%40_%40%23lm2xm","assets/faces_png/lm2xm/@.png"],
			["%23%5Byipes%5D%23lm2xm","assets/faces_png/lm2xm/yipes.png"],
			["%23%3A~(%23lm2xm","assets/faces_png/lm2xm/cry.png"],
			["%23dust%23lm2xm","assets/faces_png/lm2xm/dust.png"]
		],
		"show_on" : {
			"start_time" : 1545116400,
			"end_time" : 1546790399
		},
		"sort" : 203
	},
	{
		"cat" : "fs",
		"icons" : [
			["%23%3A)%23fs","assets/faces_png/fs/smile.png"],
			["%23O%3A-)%23fs","assets/faces_png/fs/angel.png"],
			["%23xx(%23fs","assets/faces_png/fs/dead.png"],
			["%23%3Ao)%23fs","assets/faces_png/fs/clown.png"],
			["%23%3B-)%23fs","assets/faces_png/fs/wink.png"],
			["%23%3A-%5B%23fs","assets/faces_png/fs/angry.png"],
			["%23%3A-%5D%23fs","assets/faces_png/fs/devil.png"],
			["%23%3AD%23fs","assets/faces_png/fs/biggrin.png"],
			["%23%3AO%23fs","assets/faces_png/fs/oh.png"],
			["%23%3AP%23fs","assets/faces_png/fs/tongue.png"],
			["%23%5E3%5E%23fs","assets/faces_png/fs/kiss.png"],
			["%23%3F_%3F%23fs","assets/faces_png/fs/wonder.png"],
			["%23yup%23fs","assets/faces_png/fs/agree.png"],
			["%23love%23fs","assets/faces_png/fs/love.png"],
			["%23cn%23fs","assets/faces_png/fs/chicken.png"],
			["%23%5Bsosad%5D%23fs","assets/faces_png/fs/sosad.png"],
			["%23good%23fs","assets/faces_png/fs/good.png"],
			["%23hoho%23fs","assets/faces_png/fs/hoho.png"],
			["%23kill%23fs","assets/faces_png/fs/kill.png"],
			["%23bye%23fs","assets/faces_png/fs/bye.png"],
			["%23adore%23fs","assets/faces_png/fs/adore.png"],
			["%23%3F%3F%3F%23fs","assets/faces_png/fs/wonder2.png"],
			["%23%5Bbouncer%5D%23fs","assets/faces_png/fs/bouncer.png"],
			["%23%5Bbouncy%5D%23fs","assets/faces_png/fs/bouncy.png"],
			["%23%5Bofftopic%5D%23fs","assets/faces_png/fs/offtopic.png"],
			["%23%5Bcensored%5D%23fs","assets/faces_png/fs/censored.png"],
			["%23%5Bflowerface%5D%23fs","assets/faces_png/fs/flowerface.png"],
			["%23%5Bshocking%5D%23fs","assets/faces_png/fs/shocking.png"],
			["%23%5B369%5D%23fs","assets/faces_png/fs/369.png"],
			["%23%5Bbomb%5D%23fs","assets/faces_png/fs/bomb.png"],
			["%23fuck%23fs","assets/faces_png/fs/fuck.png"],
			["%23no%23fs","assets/faces_png/fs/no.png"],
			["%23kill2%23fs","assets/faces_png/fs/kill2.png"],
			["%23%3B-)%23fs","assets/faces_png/fs/wink.png"],
			["%23%3F_%3F%23fs","assets/faces_png/fs/wonder.png"],
			["%23%3F%3F%3F%23fs","assets/faces_png/fs/wonder2.png"],
			["%23battle%23fs","assets/faces_png/fs/battle.png"],
			["%23bear%23fs","assets/faces_png/fs/south_bear.png"],
			["%23die%23fs","assets/faces_png/fs/want_die.png"],
			["%23%3A)%23ice%23fs","assets/faces_png/fs/fozen_smile.png"],
			["%23gcap%23fs","assets/faces_png/fs/green_cap.png"],
			["%23gcap2%23fs","assets/faces_png/fs/green_cap_2.png"],
			["%23gcap3%23fs","assets/faces_png/fs/green_cap_3.png"],
			["%23jj%23fs","assets/faces_png/fs/jj.png"],
			["%23hoho%23lm%23fs","assets/faces_png/fs/lomore_hoho.png"],
			["%23kill%23lm%23fs","assets/faces_png/fs/lomore_kill.png"],
			["%23%3A)%23lm%23fs","assets/faces_png/fs/lomore_smile.png"],
			["%23poison%23fs","assets/faces_png/fs/poison.png"],
			["%23poke1%23fs","assets/faces_png/fs/pokemon_1.png"],
			["%23poke2%23fs","assets/faces_png/fs/pokemon_2.png"],
			["%23%3A)%23b%23fs","assets/faces_png/fs/smile_big.png"],
			["%23superman%23fs","assets/faces_png/fs/superman.png"]
		],
		"sort" : 4
	},
	{
		"cat" : "big",
		"icons" : [
			["%23%3A)%23b","assets/faces_png/big/smile.png"],
			["%23O%3A-)%23b","assets/faces_png/big/angel.png"],
			["%23xx(%23b","assets/faces_png/big/dead.png"],
			["%23%3Ao)%23b","assets/faces_png/big/clown.png"],
			["%23%3A-(%23b","assets/faces_png/big/frown.png"],
			["%23%3A~(%23b","assets/faces_png/big/cry.png"],
			["%23%3B-)%23b","assets/faces_png/big/wink.png"],
			["%23%3A-%5B%23b","assets/faces_png/big/angry.png"],
			["%23%3A-%5D%23b","assets/faces_png/big/devil.png"],
			["%23%3AD%23b","assets/faces_png/big/biggrin.png"],
			["%23%3AO%23b","assets/faces_png/big/oh.png"],
			["%23%3AP%23b","assets/faces_png/big/tongue.png"],
			["%23%5E3%5E%23b","assets/faces_png/big/kiss.png"],
			["%23%3F_%3F%23b","assets/faces_png/big/wonder.png"],
			["%23yup%23b","assets/faces_png/big/agree.png"],
			["%23ng%23b","assets/faces_png/big/donno.png"],
			["%23hehe%23b","assets/faces_png/big/hehe.png"],
			["%23love%23b","assets/faces_png/big/love.png"],
			["%23oh%23b","assets/faces_png/big/surprise.png"],
			["%23cn%23b","assets/faces_png/big/chicken.png"],
			["%23ass%23b","assets/faces_png/big/ass.png"],
			["%23%5Bsosad%5D%23b","assets/faces_png/big/sosad.png"],
			["%23good%23b","assets/faces_png/big/good.png"],
			["%23hoho%23b","assets/faces_png/big/hoho.png"],
			["%23kill%23b","assets/faces_png/big/kill.png"],
			["%23bye%23b","assets/faces_png/big/bye.png"],
			["%23Z_Z%23b","assets/faces_png/big/z.png"],
			["%23%40_%40%23b","assets/faces_png/big/@.png"],
			["%23adore%23b","assets/faces_png/big/adore.png"],
			["%23%3F%3F%3F%23b","assets/faces_png/big/wonder2.png"],
			["%23%5Bbanghead%5D%23b","assets/faces_png/big/banghead.png"],
			["%23%5Bbouncer%5D%23b","assets/faces_png/big/bouncer.png"],
			["%23%5Bbouncy%5D%23b","assets/faces_png/big/bouncy.png"],
			["%23%5Bofftopic%5D%23b","assets/faces_png/big/offtopic.png"],
			["%23%5Bcensored%5D%23b","assets/faces_png/big/censored.png"],
			["%23%5Bflowerface%5D%23b","assets/faces_png/big/flowerface.png"],
			["%23%5Bshocking%5D%23b","assets/faces_png/big/shocking.png"],
			["%23%5Bphoto%5D%23b","assets/faces_png/big/photo.png"],
			["%23fire%23b","assets/faces_png/big/fire.png"],
			["%23%5Byipes%5D%23b","assets/faces_png/big/yipes.png"],
			["%23%5B369%5D%23b","assets/faces_png/big/369.png"],
			["%23%5Bbomb%5D%23b","assets/faces_png/big/bomb.png"],
			["%23%5Bslick%5D%23b","assets/faces_png/big/slick.png"],
			["%23fuck%23b","assets/faces_png/big/fuck.png"],
			["%23no%23b","assets/faces_png/big/no.png"],
			["%23kill2%23b","assets/faces_png/big/kill2.png"],
			["%23like%23b","assets/faces_png/big/like.png"],
			["%23dislike%23b","assets/faces_png/big/dislike.png"],
			["%23yup%23lm%23b","assets/faces_png/big/lomore_agree.png"],
			["%23bouncer%23lm%23b","assets/faces_png/big/lomore_bouncer.png"],
			["%23bye%23lm%23b","assets/faces_png/big/lomore_bye.png"],
			["%23shocking%23lm%23b","assets/faces_png/big/lomore_shocking.png"]
		],
		"sort" : 5
	},
	{
		"cat" : "lomoji",
		"icons" : [
			["%23%3A)%23lme","assets/faces/lomoji/05.png"],
			["%23mad%23lme","assets/faces/lomoji/01.png"],
			["%23unamused%23lme","assets/faces/lomoji/02.png"],
			["%23%3A-%5D%23lme","assets/faces/lomoji/03.png"],
			["%23smirking%23lme","assets/faces/lomoji/04.png"],
			["%23happy%23lme","assets/faces/lomoji/06.png"],
			["%23%5E3%5E%23lme","assets/faces/lomoji/07.png"],
			["%23%3AP%23lme","assets/faces/lomoji/08.png"],
			["%23love%23lme","assets/faces/lomoji/09.png"],
			["%23hoho%23lme","assets/faces/lomoji/10.png"],
			["%23tongue1%23lme","assets/faces/lomoji/11.png"],
			["%23tongue2%23lme","assets/faces/lomoji/12.png"],
			["%23tongue3%23lme","assets/faces/lomoji/13.png"],
			["%23wink%23lme","assets/faces/lomoji/14.png"],
			["%23ghost%23lme","assets/faces/lomoji/15.png"],
			["%23sad%23lme","assets/faces/lomoji/16.png"],
			["%23sleepy%23lme","assets/faces/lomoji/17.png"],
			["%23O%3A-)%23lme","assets/faces/lomoji/18.png"],
			["%23%3A(%23lme","assets/faces/lomoji/19.png"],
			["%23pain%23lme","assets/faces/lomoji/20.png"],
			["%23tired%23lme","assets/faces/lomoji/21.png"],
			["%23cry%23lme","assets/faces/lomoji/22.png"],
			["%23bawling%23lme","assets/faces/lomoji/23.png"],
			["%23scream%23lme","assets/faces/lomoji/24.png"],
			["%23shame%23lme","assets/faces/lomoji/25.png"],
			["%23think%23lme","assets/faces/lomoji/26.png"],
			["%23sick%23lme","assets/faces/lomoji/27.png"],
			["%23shy%23lme","assets/faces/lomoji/28.png"],
			["%23devil%23lme","assets/faces/lomoji/29.png"],
			["%23dizzy%23lme","assets/faces/lomoji/30.png"],
			["%23scared%23lme","assets/faces/lomoji/31.png"],
			["%23nervous%23lme","assets/faces/lomoji/32.png"],
			["%23angry%23lme","assets/faces/lomoji/33.png"],
			["%23ok%23lme","assets/faces/lomoji/34.png"],
			["%23yeah%23lme","assets/faces/lomoji/35.png"],
			["%23yo%23lme","assets/faces/lomoji/36.png"],
			["%23sosad%23lme","assets/faces/lomoji/37.png"],
			["%23addoil%23lme","assets/faces/lomoji/38.png"],
			["%23wound%23lme","assets/faces/lomoji/39.png"],
			["%23wfc%23lme","assets/faces/lomoji/40.png"],
			["%23shock%23lme","assets/faces/lomoji/41.png"],
			["%23%3A-)%23lme","assets/faces/lomoji/42.png"]
		],
		"sort" : 6
	},
	{
		"cat" : "fatcmoji",
		"icons" : [
			["%23%3A)%23fatc","assets/faces_png/fatcmoji/fat001.png"],
			["%23O%3A-)%23fatc","assets/faces_png/fatcmoji/fat002.png"],
			["%23xx(%23fatc","assets/faces_png/fatcmoji/fat003.png"],
			["%23%3Ao)%23fatc","assets/faces_png/fatcmoji/fat004.png"],
			["%23%3A-(%23fatc","assets/faces_png/fatcmoji/fat005.png"],
			["%23%3A~(%23fatc","assets/faces_png/fatcmoji/fat006.png"],
			["%23%3B-)%23fatc","assets/faces_png/fatcmoji/fat007.png"],
			["%23%3A-%5B%23fatc","assets/faces_png/fatcmoji/fat008.png"],
			["%23%3A-%5D%23fatc","assets/faces_png/fatcmoji/fat009.png"],
			["%23%3AD%23fatc","assets/faces_png/fatcmoji/fat010.png"],
			["%23%3AO%23fatc","assets/faces_png/fatcmoji/fat011.png"],
			["%23%3AP%23fatc","assets/faces_png/fatcmoji/fat012.png"],
			["%23%5E3%5E%23fatc","assets/faces_png/fatcmoji/fat013.png"],
			["%23%3F_%3F%23fatc","assets/faces_png/fatcmoji/fat014.png"],
			["%23yup%23fatc","assets/faces_png/fatcmoji/fat015.png"],
			["%23ng%23fatc","assets/faces_png/fatcmoji/fat016.png"],
			["%23hehe%23fatc","assets/faces_png/fatcmoji/fat017.png"],
			["%23love%23fatc","assets/faces_png/fatcmoji/fat018.png"],
			["%23oh%23fatc","assets/faces_png/fatcmoji/fat019.png"],
			["%23cn%23fatc","assets/faces_png/fatcmoji/fat020.png"],
			["%23ass%23fatc","assets/faces_png/fatcmoji/fat021.png"],
			["%23%5Bsosad%5D%23fatc","assets/faces_png/fatcmoji/fat022.png"],
			["%23good%23fatc","assets/faces_png/fatcmoji/fat023.png"],
			["%23hoho%23fatc","assets/faces_png/fatcmoji/fat024.png"],
			["%23kill%23fatc","assets/faces_png/fatcmoji/fat025.png"],
			["%23bye%23fatc","assets/faces_png/fatcmoji/fat026.png"],
			["%23Z_Z%23fatc","assets/faces_png/fatcmoji/fat027.png"],
			["%23%40_%40%23fatc","assets/faces_png/fatcmoji/fat028.png"],
			["%23adore%23fatc","assets/faces_png/fatcmoji/fat029.png"],
			["%23%3F%3F%3F%23fatc","assets/faces_png/fatcmoji/fat030.png"],
			["%23%5Bbanghead%5D%23fatc","assets/faces_png/fatcmoji/fat031.png"],
			["%23%5Bbouncer%5D%23fatc","assets/faces_png/fatcmoji/fat032.png"],
			["%23%5Bbouncy%5D%23fatc","assets/faces_png/fatcmoji/fat033.png"],
			["%23%5Bofftopic%5D%23fatc","assets/faces_png/fatcmoji/fat034.png"],
			["%23%5Bcensored%5D%23fatc","assets/faces_png/fatcmoji/fat035.png"],
			["%23%5Bflowerface%5D%23fatc","assets/faces_png/fatcmoji/fat036.png"],
			["%23%5Bshocking%5D%23fatc","assets/faces_png/fatcmoji/fat037.png"],
			["%23%5Bphoto%5D%23fatc","assets/faces_png/fatcmoji/fat038.png"],
			["%23fire%23fatc","assets/faces_png/fatcmoji/fat039.png"],
			["%23%5Byipes%5D%23fatc","assets/faces_png/fatcmoji/fat040.png"],
			["%23%5B369%5D%23fatc","assets/faces_png/fatcmoji/fat041.png"],
			["%23%5Bbomb%5D%23fatc","assets/faces_png/fatcmoji/fat042.png"],
			["%23%5Bslick%5D%23fatc","assets/faces_png/fatcmoji/fat043.png"],
			["%23fuck%23fatc","assets/faces_png/fatcmoji/fat044.png"],
			["%23no%23fatc","assets/faces_png/fatcmoji/fat045.png"],
			["%23kill2%23fatc","assets/faces_png/fatcmoji/fat046.png"],
			["%23like%23fatc","assets/faces_png/fatcmoji/fat047.png"],
			["%23dislike%23fatc","assets/faces_png/fatcmoji/fat048.png"],
			["%23%5Bjoyce%5D%23fatc","assets/faces_png/fatcmoji/fat049.png"]
		],
		"show_on" : {
			"user_id" : [21423, 45173],
			"cat_id" : []
		},
		"sort" : 101
	}
]